{
  "6OvgRqD3ICY": {
    "time": 36.355603211715696,
    "duration": 455,
    "line": 7,
    "timestamp": 1777875603574
  },
  "QME4PMjwtms": {
    "time": 40.83341491798401,
    "duration": 372.341,
    "line": 2,
    "timestamp": 1777875900376
  }
}