{
  "6OvgRqD3ICY": {
    "time": 1.603165879837036,
    "duration": 455.041,
    "line": 0,
    "timestamp": 1777966539478
  },
  "QME4PMjwtms": {
    "time": 2.073832897003174,
    "duration": 372.341,
    "line": -1,
    "timestamp": 1777885642205
  },
  "roixz0gd4Ug": {
    "time": 1.7029369084472656,
    "duration": 475.941,
    "line": 0,
    "timestamp": 1777966545465
  },
  "087XVp3JIpk": {
    "time": 4.039852885559082,
    "duration": 592.801,
    "line": 0,
    "timestamp": 1777967837005
  },
  "Psb9g9UxqZs": {
    "time": 3.096187068664551,
    "duration": 743.401,
    "line": 0,
    "timestamp": 1777979551857
  },
  "O9JmoRFlD24": {
    "time": 0.7494160801086426,
    "duration": 888,
    "line": 0,
    "timestamp": 1777894808485
  },
  "bDRVjoVn0Fg": {
    "time": 346.79420610681154,
    "duration": 704,
    "line": 16,
    "timestamp": 1777979100793
  },
  "7offZ0CIEIM": {
    "time": 50.465582,
    "duration": 737,
    "line": 11,
    "timestamp": 1777958900309
  },
  "DQLcYx6Sqak": {
    "time": 35.63712406866455,
    "duration": 520,
    "line": 11,
    "timestamp": 1777979548322
  }
}